{"cameraMode":{"drawMode":0,"name":"Shaded","section":"Shading Mode"},"sceneLighting":true,"audioPlay":false,"sceneViewState":{"showFog":true,"showMaterialUpdate":false,"showSkybox":true,"showFlares":true,"showImageEffects":true,"showParticleSystems":true},"in2DMode":false,"pivot":{"x":26.643150329589845,"y":3.023083448410034,"z":-21.538135528564454},"rotation":{"x":0.025187237188220025,"y":-0.006901138462126255,"z":-0.00017403499805368483,"w":-0.999660849571228},"size":2.0078322887420656,"orthographic":false}